INSERT INTO [Instruments] (Instrument_ID, Name)
VALUES (1, '1 скрипки'),
(2, '2 скрипки'),
(3, 'альты'),
(4, 'виолончели'),
(5, 'контрабасы'),
(6, 'арфы'),
(7, 'флейты'),
(8, 'гобои'),
(9, 'кларнеты'),
(10, 'фаготы'),
(11, 'валторны'),
(12, 'трубы'),
(13, 'тромбоны'),
(14, 'фортепиано'),
(15, 'синтезатор'),
(16, 'ударные'),
(17, 'гитары'),
(18, 'бас-гитара');

INSERT INTO [Positions] (Position_ID, Name)
VALUES (1, 'солист'),
(2, 'музыкант'),
(3, 'танцовщик балета'),
(4, 'певец хора'),
(5, 'заведующий хором/оркестром/балетом'),
(6, 'генеральный директор'),
(7, 'первый заместитель генерального директора'),
(8, 'заместитель генерального директора'),
(9, 'главный администратор'),
(10, 'главный дирижер'),
(11, 'главный хормейстер'),
(12, 'главный художник'),
(13, 'главный балетмейстер'),
(14, 'главный художник по свету'),
(15, 'режиссер'),
(16, 'дирижер'),
(17, 'руководитель литературной части'),
(18, 'редактор'),
(19, 'балетмейстер'),
(20, 'концертмейстер по вокалу'),
(21, 'заведующий художественно-постановочной частью'),
(22, 'художник-технолог'),
(23, 'работник бутафорского цеха'),
(24, 'гример'),
(25, 'работник звукотехнического цеха'),
(26, 'костюмер'),
(27, 'работник обувного цеха'),
(28, 'работник осветительного цеха'),
(29, 'столяр'),
(30, 'слесарь'),
(31, 'работник пошивочного цеха'),
(32, 'помощник режиссера'), 
(33, 'ассистент режиссера');

INSERT INTO [Departments] (Department_ID, Name)
VALUES (1, 'труппа'),
(2, 'дирекция'),
(3, 'администрация'),
(4, 'художественное руководство'),
(5, 'режиссеры'),
(6, 'дирижеры'),
(7, 'литературная часть'),
(8, 'балетмейстеры'),
(9, 'концертмейстеры'),
(10, 'постановочная часть'),
(11, 'режиссерское управление');

INSERT INTO [Employee] (Employee_ID, Name, Gender, Awards, Birth_date, Graduated, Hire_Date, Department_ID, Position_ID)
VALUES (1, 'Варгузова Светлана Павловна', 'Ж', 'народный артист России', '1944-09-11', 'Музыкальное училище им. Гнесиных', '1967-01-03', 1, 1),
(2, 'Васильев Герард Вячеславович', 'М', 'народный артист России', '1935-09-24', 'Ленинградская государственная консерватория', '1968-08-15', 1, 1),
(3, 'Веденеев Юрий Петрович', 'М','народный артист России', '1945-02-03', 'ГИТИС', '1972-05-25', 1, 1),
(4, 'Зайцева Елена Геннадьевна', 'Ж','народный артист России', '1962-11-24', 'ГИТИС', '1985-02-11', 1, 1),
(5, 'Ионова Елена Евгеньевна', 'Ж', 'народный артист России', '1958-04-03', 'ГИТИС', '1985-01-01', 1, 1),
(6, 'Коледова Марина Викторовна', 'Ж','народный артист россии', '1952-12-27', 'Музыкальное училище им. Гнесиных', '1974-11-07', 1, 1),
(7, 'Маркелов Александр Николаевич', 'М',  'народный артист России', '1949-06-12', 'ГИТИС', '1980-02-05', 1, 1),
(8, 'Мишле Виталий Валерьянович', 'М',  'народный артист России', '1941-11-08', 'Музыкальное училище им. Гнесиных', '1967-05-06', 1, 1),
(9, 'Родин Владимир Васильевич', 'М', 'народный артист России', '1940-09-18', 'МПИ им. Гнесиных', '1970-11-08', 1, 1),
(10, 'Беспалов Михаил Иванович', 'М', 'заслуженный артист России', '1964-05-10', 'ГИТИС', '1992-01-25', 1, 1),
(11, 'Богаченко Виктор Николаевич', 'М', 'заслуженный артист России', '1956-03-03', 'ЛГИТМиК', '1991-05-09', 1, 1),
(12, 'Голубев Александр Алексеевич', 'М',  'заслуженный артист России', '1967-02-07', 'ГИТИС', '1995-01-01', 1, 1),
(13, 'Гулиева Инара Александровна', 'Ж', 'заслуженный артист России', '1950-04-01', 'ГИТИС', '1973-09-27', 1, 1),
(14, 'Жердер Анна Эдуардовна', 'Ж', 'заслуженный артист России', '1968-05-18', 'МПИ им. Гнесиных', '1987-04-29', 1, 1),
(15, 'Иванов Вячеслав Сергеевич', 'М', 'заслуженный артист России', '1965-12-13', 'ГИТИС', '1991-11-26', 1, 1),
(16, 'Груздев Олег Дмитриевич', 'М', NULL, '1967-03-20', 'ГИТИС', '1981-06-27', 1, 1),
(17, 'Козлова Ольга Сергеевна', 'Ж', NULL, '1991-02-15', 'ГИТИС', '2013-05-16', 1, 1),
(18, 'Оробей Игорь Игоревич', 'М', NULL, '1987-05-20', 'Театральный институт им. Б.Щукина', '2010-01-19', 1, 1),
(19, 'Шляхтов Вячеслав Григорьевич', 'М', 'заслуженный артист России', '1951-06-14', 'МПИ им. Гнесиных', '1976-08-08', 1, 1),
(20, 'Терентьев Михаил Павлович', 'М', 'народный артист России', '1969-11-01', 'КМТИ им. Г. П. Вишневской', '1982-05-01', 1, 1),
(21, 'Медянский Михаил Антонович', 'М',  'заслуженный артист России', '1978-06-29', 'Музыкальное училище им. Гнесиных', '2000-04-01', 1, 1),
(22, 'Алтушкина Арина Сергеевна', 'Ж', NULL, '1992-04-16', 'МГАХ', '2011-05-09', 1, 3),
(23, 'Бабенко Александр Викторович', 'М', NULL, '1991-02-02', 'КХУ', '2010-06-04', 1, 3),
(24, 'Безрукова Наталья Александровна', 'Ж', NULL, '1995-07-01', 'АРБ', '2012-07-14', 1, 3),
(25, 'Бобрешов Роман Сергеевич', 'М', NULL, '1990-11-11', 'АРБ', '2010-07-01', 1, 3),
(26, 'Боярер Дина Александровна', 'Ж', NULL, '1995-11-26', 'НГХУ', '2013-01-17', 1, 3),
(27, 'Голосной Эдгар Руфатович', 'М', NULL, '1989-05-22', 'АТБЭ', '2007-12-12', 1, 3),
(28, 'Голубева Наталия Владимировна', 'Ж', NULL, '1992-04-13', 'АРБ', '2013-08-06', 1, 3),
(29, 'Дерендяев Алексей Сергеевич', 'М', NULL, '1995-10-09', 'АРБ', '2013-08-01', 1, 3),
(30, 'Дерендяева Наталья Александровна', 'Ж',  NULL, '1993-08-08', 'НГХУ', '2010-09-23', 1, 3),
(31, 'Копылова Евгения Станиславовна', 'Ж', NULL, '1996-07-25', 'АТБЭ', '2011-08-03', 1, 3),
(32, 'Корчмарский Игорь Игоревич', 'М', NULL, '1996-04-10', 'АРБ', '2013-05-15', 1, 3),
(33, 'Курилко Станислав Михайлович', 'М', NULL, '1997-04-03', 'АРБ', '2013-05-15', 1, 3),
(34, 'Кучменко Софья Петровна', 'Ж', NULL, '1994-12-16', 'МГАХ', '2011-06-28', 1, 3),
(35, 'Меркулов Антон Викторович', 'М', NULL, '1998-01-05', 'НГХУ', '2013-08-14', 1, 3),
(36, 'Пархоменко Елизавета Валерьевна', 'Ж', NULL, '1993-11-19', 'АРБ', '2010-10-12', 1, 3),
(37, 'Пойлова Анастасия Александровна', 'Ж', NULL, '1993-04-12', 'МГАХ', '2011-06-01', 1, 3),
(38, 'Рубцов Николай Николаевич', 'М', NULL, '1989-01-16', 'МГАХ', '2010-04-28', 1, 3),
(39, 'Сизинцева Вероника Александровна', 'Ж', NULL, '1992-06-18', 'АРБ', '2009-06-20', 1, 3),
(40, 'Степанова Екатерина Андреевна', 'Ж', NULL, '1994-07-06', 'АТБЭ', '2011-06-15', 1, 3),
(41, 'Тюминкина Евгения Александровна', 'Ж', NULL, '1998-01-08', 'АРБ', '2016-11-20', 1, 3),
(42, 'Федорченко Инна Владимировна', 'Ж', NULL, '1995-03-11', 'НГХУ', '2012-09-25', 1, 3),
(43, 'Филоненко Михаил Николаевич', 'М', NULL, '1994-04-23', 'НГХУ', '2013-06-27', 1, 3),
(44, 'Шведов Егор Александрович', 'М', NULL, '1990-08-16', 'АТБЭ', '2012-06-11', 1, 3),
(45, 'Береславцев П. В.', 'М', NULL, '1975-05-16', 'МГК им. Чайковского', '2000-09-04', 1, 2),
(46, 'Рыбина М. С.', 'Ж', NULL, '1978-03-14', 'НГК им. Глинки', '2000-10-15', 1, 2),
(47, 'Майоров А. Л.', 'М', NULL, '1969-06-18', 'РГСАИ', '1990-07-06', 1, 2),
(48, 'Иваненко Е. А', 'Ж', NULL, '1970-07-13', 'МГИМ им. Шнитке', '1991-02-01', 1, 2),
(49, 'Ашурков А. С.', 'М', NULL, '1975-05-14', 'УГК им. Мусоргского', '1995-08-23', 1, 2),
(50, 'Гаврилова С. И.', 'Ж', NULL, '1968-10-05', 'МГК им. Чайковского', '1980-08-06', 1, 2),
(51, 'Миценко Е. Н.', 'М', NULL, '1978-06-04', 'МПИ им. Гнесиных', '2001-08-10', 1, 2),
(52, 'Воронцова Н. А.', 'Ж', NULL, '1975-06-08', 'НГК им. Глинки', '1996-09-16', 1, 2),
(53, 'Сидоренко Н. Г.', 'Ж',  NULL, '1985-11-25', 'УГК им. Мусоргского', '2005-11-25', 1, 2),
(54, 'Кодикова М. В.', 'Ж', NULL, '1973-06-21', 'УГК им. Мусоргского', '1993-06-05', 1, 2),
(55, 'Иошко Ю. Ю.', 'Ж', NULL, '1969-06-05', 'УГК им. Мусоргского', '1982-07-09', 1, 2),
(56, 'Архипова Л. В.', 'Ж', NULL, '1984-01-09', 'УГК им. Мусоргского', '2004-08-04', 1, 2),
(57, 'Иваненко А. А. ', 'Ж', NULL, '1975-06-07', 'УГК им. Мусоргского', '1996-08-06', 1, 2),
(58, 'Полуянченко Е. Е.', 'Ж', NULL, '1973-09-04', 'УГК им. Мусоргского', '1998-08-04', 1, 2),
(59, 'Лукьяшина М. В.', 'Ж', NULL, '1971-08-17', 'МГК им. Чайковского', '1993-07-01', 1, 2),
(60, 'Крылова Н. М.', 'Ж', 'заслуженный артист России', '1976-10-15', 'НГК им. Глинки', '1999-07-02', 1, 2),
(61, 'Воинов К. А.', 'М', NULL, '1970-07-16', 'МПИ им. Гнесиных', '1996-04-03', 1, 2),
(62, 'Маминов А. Ф.', 'М', NULL, '1980-11-21', 'УГК им. Мусоргского', '2010-08-15', 1, 2),
(63, 'Ситников И. Н.', 'М', NULL, '1976-03-08', 'МПИ им. Гнесиных', '1998-04-02', 1, 2),
(64, 'Фридман М. М.', 'М', NULL, '1981-05-01', 'МГК им. Чайковского', '2008-04-02', 1, 2),
(65, 'Огнев И. А.', 'М', NULL, '1976-06-11', 'МПИ им. Гнесиных', '1996-08-17', 1, 2),
(66, 'Кириченко С. В.', 'М', NULL, '1978-03-06', 'МГК им. Чайковского', '2000-07-06', 1, 2),
(67, 'Степин А. М.', 'М', 'заслуженный артист России', '1981-02-09', 'МПИ им. Гнесиных', '2012-07-05', 1, 2),
(68, 'Оганесян Г. А.', 'М', NULL, '1975-07-19', 'МГИМ им. Шнитке', '1996-07-16', 1, 2),
(69, 'Лисянская А. Н.', 'Ж', NULL, '1970-11-13', 'МПИ им. Гнесиных', '1993-05-07', 1, 2),
(70, 'Симоненко Е. И.', 'Ж', NULL, '1968-06-08', 'МГК им. Чайковского', '1986-07-03', 1, 2),
(71, 'Нокелайнен И. М.', 'Ж', 'заслуженный артист России', '1976-02-04', 'НГК им. Глинки', '1994-08-03', 1, 2),
(72, 'Акинфина М. С.', 'Ж', NULL, '1983-05-09', 'УГК им. Мусоргского', '2008-08-06', 1, 2),
(73, 'Селькин В. М.', 'М', NULL, '1976-09-06', 'МГИМ им. Шнитке', '1999-01-16', 1, 2),
(74, 'Якубаускас А. М.', 'М', NULL, '1978-07-06', 'МПИ им. Гнесиных', '2000-04-09', 1, 2),
(75, 'Морозов А. М.', 'М',  NULL, '1973-07-08', 'УГК им. Мусоргского', '1999-01-05', 1, 2),
(76, 'Панафидин А. В.', 'М', NULL,'1979-04-16', 'МГК им. Чайковского', '1999-05-04', 1, 2),
(77, 'Ирьянов Д. Н.', 'М', NULL, '1980-11-08', 'МПИ им. Гнесиных', '2007-09-14', 1, 2),
(78, 'Тетёркин С. В.', 'М', NULL, '1971-03-01', 'УГК им. Мусоргского', '1996-05-06', 1, 2),
(79, 'Ирьянов С. Д.', 'М', NULL, '1972-08-04', 'МПИ им. Гнесиных', '1992-01-08', 1, 2),
(80, 'Салахетдинов А. Х.', 'М', NULL, '1980-12-12', 'НГК им. Глинки', '1999-01-04', 1, 2),
(81, 'Шамиданов А. В.', 'М', NULL, '1986-05-07', 'МГИМ им. Шнитке', '2016-06-08', 1, 2),
(82, 'Витвицкий В. С.', 'М', NULL, '1972-09-24', 'МГК им. Чайковского', '1993-04-03', 1, 2),
(83, 'Капленко Д. И.', 'М', NULL, '1967-02-07', 'УГК им. Мусоргского', '1999-01-06', 1, 2),
(84, 'Орехов А. В.', 'М', NULL, '1986-09-05', 'МПИ им. Гнесиных', '2004-05-26', 1, 2),
(85, 'Чиж М. В.', 'М', NULL, '1972-09-03', 'МГК им. Чайковского', '1999-04-02', 1, 2),
(86, 'Баканов И. А.', 'М', NULL, '1983-04-17', 'МГИМ им. Шнитке', '2006-12-30', 1, 2),
(87, 'Квасов Р. Д.', 'М', NULL, '1974-06-18', 'УГК им. Мусоргского', '1996-05-08', 1, 2),
(88, 'Рыбаков С. А.', 'М', NULL, '1964-12-16', 'НГК им. Глинки', '2000-11-04', 1, 2),
(89, 'Каретникова Л. Д.', 'М', NULL, '1989-06-07', 'УГК им. Мусоргского', '2011-08-19', 1, 2),
(90, 'Староверов И. В.', 'М', NULL, '1963-08-11', 'МПИ им. Гнесиных', '1993-02-07', 1, 2),
(91, 'Истратов А. А.', 'М', NULL, '1976-05-16', 'МГК им. Чайковского', '1998-07-08', 1, 2),
(92, 'Кудрявцев А. С.', 'М', NULL, '1975-09-19', 'МПИ им. Гнесиных', '1995-02-07', 1, 2),
(93, 'Дашков Н. А.', 'М', NULL, '1974-09-26', 'МГК им. Чайковского', '2001-04-03', 1, 2),
(94, 'Колода В. В.', 'Ж', NULL, '1981-07-16', 'УГК им. Мусоргского', '2013-04-25', 1, 2),
(95, 'Потапов А. М.', 'М', NULL, '1971-12-14', 'НГК им. Глинки', '1992-05-06', 1, 2),
(96, 'Михайлов Д. Н.', 'М', NULL, '1973-03-05', 'НГК им. Глинки', '1998-04-03', 1, 2),
(97, 'Демидов М. И.', 'М', NULL, '1986-05-09', 'УГК им. Мусоргского', '2010-05-03', 1, 2);

INSERT INTO [Employee] (Employee_ID, Name, Gender, Position_ID, Department_ID)
VALUES (204, 'Акимова Валерия Александровна', 'Ж', 4, 1),
(98, 'Анисимов Антон Геннадьевич', 'М',  4, 1),
(99, 'Генералов Станислав Александрович', 'М', 4, 1),
(100, 'Дайнека Василина Васильева', 'Ж', 4, 1),
(101, 'Дементьевская Светлана Евгеньевна', 'Ж', 4, 1),
(102, 'Чернова Полина Юрьевна', 'Ж', 4, 1),
(103, 'Есьман Алексей Иванович', 'М', 4, 1),
(104, 'Забелин Константин Александрович', 'М', 4, 1),
(105, 'Залегин Сергей Владимирович', 'М', 4, 1),
(106, 'Иванова Вера Васильевна', 'Ж', 4, 1),
(107, 'Иванова Яна Валерьевна', 'Ж', 4, 1),
(108, 'Котляров Роман Борисович', 'М', 4, 1),
(109, 'Котышев Захар Викторович', 'М', 4, 1),
(110, 'Красюков Андрей Вячеславович', 'М', 4, 1),
(111, 'Кузнецова Светлана Юрьевна', 'Ж', 4, 1),
(112, 'Кузнецова Лилия Владимировна', 'Ж', 4, 1),
(113, 'Лабутова Оксана Михайловна', 'Ж', 4, 1),
(114, 'Лаврик Наталья Николаевна', 'Ж', 4, 1),
(115, 'Леньшина-Симутенкова Надежда Владимировна', 'Ж', 4, 1),
(116, 'Лукьянов Андрей Сергеевич', 'М', 4, 1),
(117, 'Лысенко Григорий Александрович', 'М', 4, 1),
(118, 'Низамов Константин Сергеевич', 'М', 4, 1),
(119, 'Никитин Иван Валерьевич', 'М', 4, 1),
(120, 'Остапова Мария Александровна', 'Ж', 4, 1),
(121, 'Паскаль Евгений Фёдорович', 'М', 4, 1),
(122, 'Пенкрат Ирина Алексеевна', 'Ж', 4, 1),
(123, 'Порошенко Григорий Владимирович', 'М', 4, 1),
(124, 'Свирина Людмила Сергеевна', 'Ж', 4, 1),
(125, 'Сиваева Анастасия Алексеевна', 'Ж', 4, 1),
(126, 'Старовойтова Зоя Андреевна', 'Ж', 4, 1),
(127, 'Хнкоян Роман Ашотович', 'М', 4, 1),
(128, 'Чикунова Анастасия Васильевна', 'Ж', 4, 1),
(129, 'Шарманова Екатерина Сергеевна', 'Ж', 4, 1),
(130, 'Шульга Алексей Александрович', 'М', 4, 1),
(131, 'Щукин Роман Николаевич', 'М', 4, 1),
(132, 'Яцюк Андрей Александрович', 'М', 4, 1);

INSERT INTO [Employee] (Employee_ID, Name, Awards, Position_ID, Department_ID)
VALUES (133, 'Тартаковский Владимир Исидорович', 'заслуженный деятель искусств', 6, 2),
(134, 'Сазонов Валерий Владимирович', 'заслуженный работник культуры России', 7, 2),
(135, 'Ветчинина Инна Леонидовна', NULL, 8, 2),
(136, 'Сырцов Игорь Аркадьевич', NULL, 8, 2),
(137, 'Кузьмина Виктория Васильевна', 'почетный работник культуры города Москвы', 9, 3),
(138, 'Тарасова Елена Николаевна', NULL, 9, 3),
(139, 'Хватынец Константин Алексеевич', NULL, 10, 4),
(140, 'Майский Станислав Геннадьевич', NULL, 11, 4),
(141, 'Арефьев Владимир Анатольевич', 'народный художник РФ', 12, 4),
(142, 'Барановский Борис Евгеньевич', 'заслуженный деятель искусств', 13, 4),
(143, 'Сиваев Александр Александрович', NULL, 14, 4),
(144, 'Азаданова Людмила Владимировна', 'заслуженный артист России', 15, 5),
(145, 'Пахомова Маргарита Сергеевна', 'заслуженный артист России', 15, 5),
(146, 'Константинова Татьяна Викторовна', 'заслуженный артист России', 15, 5),
(147, 'Акимов Сергей Сергеевич', NULL, 16, 6),
(148, 'Дадашев Ариф Вагифович', NULL, 16, 6),
(149, 'Масалев Андрей Вячеславович', NULL, 16, 6),
(150, 'Семенов Андрей Валерьевич', NULL, 16, 6),
(151, 'Туева Алла Евгеньевна', NULL, 17, 7),
(152, 'Амирханова Екатерина Зубайировна', NULL, 18, 7),
(153, 'Туряница Алина Валерьевна', NULL, 18, 7),
(154, 'Афанасьева Елена Александровна', 'заслуженный артист России', 19, 8),
(155, 'Карельских Мария Константиновна', 'заслуженный работник культуры РФ', 19, 8),
(156, 'Корнеева Ирина Владимировна', 'заслуженный артист России', 19, 8),
(157, 'Маклов Игорь Анатольевич', NULL, 19, 8),
(158, 'Серебрякова Татьяна Ивановна', 'заслуженный артист России', 19, 8),
(159, 'Куксо Александра Васильевна', 'заслуженный работник культуры РФ', 20, 9),
(160, 'Лигостаева Елена Юрьевна', NULL, 20, 9),
(161, 'Семешко Людмила Алексеевна', NULL, 20, 9),
(162, 'Староверов Иван Владимирович', NULL, 20, 9);

INSERT INTO [Employee] (Employee_ID, Name, Position_ID, Department_ID)
VALUES (205, 'Стрелецкий Андрей Валерьевич', 21, 10),
(163, 'Терентьева Дарья Александровна', 22, 10),
(164, 'Березин Александр Кириллович', 23, 10),
(165, 'Виленская Евгения Вячеславовна', 23, 10),
(166, 'Скрынникова Ольга Сергеевна', 23, 10),
(167, 'Волкова Вера Николаевна', 24, 10),
(168, 'Коптеленкова Ольга Сергеевна', 24, 10),
(169, 'Савёлова Елена Вячеславовна', 24, 10),
(170, 'Фомина Елена Ивановна', 24, 10),
(171, 'Зотова Светлана Ивановна', 25, 10),
(172, 'Колоколов Евгений Леонидович', 25, 10),
(173, 'Новиков Игорь Львович', 25, 10),
(174, 'Ясногородская Ирина Николаевна', 25, 10),
(175, 'Аветисян Аида Беняминовна', 26, 10),
(176, 'Дорофеева Раиса Ивановна', 26, 10),
(177, 'Журавлева Мария Геннадьевна', 26, 10),
(178, 'Кулеш Светлана Львовна', 26, 10),
(179, 'Юшина Марина Васильевна', 26, 10),
(180, 'Купцов Вячеслав Вадимович', 27, 10),
(181, 'Левчик Александр Рудольфович', 27, 10),
(182, 'Азаров Сергей Романович', 28, 10),
(183, 'Артамонов Александр Михайлович', 28, 10),
(184, 'Макаров Павел Сереевич', 28, 10),
(185, 'Филиппов Константин Александрович', 28, 10),
(186, 'Бадалян Каринэ Андраниковна', 31, 10),
(187, 'Волкова Светлана Анатольевна', 31, 10),
(188, 'Иванова Людмила Ивановна', 31, 10),
(189, 'Кузнецова Галина Вячеславовна', 31, 10),
(190, 'Фролов Максим Валерьевич', 31, 10),
(191, 'Черняева Юлия Алексеевна', 31, 10),
(192, 'Баца Александр Николаевич', 30, 10),
(193, 'Новиков Александр Сергеевич', 30, 10),
(194, 'Разумовский Владимир Евгеньевич', 30, 10),
(195, 'Антонов Сергей Алексеевич', 29, 10),
(196, 'Лукьянов Александр Вячеславович', 29, 10),
(197, 'Таянков Евгений Александрович', 29, 10),
(198, 'Чуваев Владимир Павлович', 29, 10),
(199, 'Мартиросов Григорий Рафаилович', 33, 11),
(200, 'Буланова Любовь Ивановна', 32, 11),
(201, 'Полянская Любовь Дмитриевна', 32, 11),
(202, 'Федоренко Елена Васильевна', 32, 11),
(203, 'Константинов Иван Сергеевич', 32, 11);

INSERT INTO [Employee] (Employee_ID, Name, Gender, Position_ID, Department_ID)
VALUES (206, 'Криницкая Светлана Сергеевна', '', 1, 1),
(207, 'Меркулова Элла Валерьевна', 'Ж',  1, 1),
(208, 'Сошникова Елена Эдуардовна', 'Ж', 1, 1),
(209, 'Твердохлебов Дмитрий Петрович', 'М', 1, 1),
(210, 'Бабик Александр Александрович', 'М',  1, 1),
(211, 'Бахталин Леонид Евгеньевич', 'М', 1, 1),
(212, 'Борисенко Петр Владимирович', 'М', 1, 1),
(213, 'Викулов Иван Олегович', 'М', 1, 1),
(214, 'Голубева Алена Александровна', 'Ж', 1, 1),
(215, 'Голышев Владимир Иванович', 'М', 1, 1),
(216, 'Гончарова Юлия Сергеевна', 'Ж', 1, 1),
(217, 'Грабовский Никита Александрович', 'М', 1, 1),
(218, 'Доброжицкий Виталий Анатольевич', 'М', 1, 1),
(219, 'Иванов Павел Ростиславович', 'М', 1, 1),
(220, 'Каминский Александр Геннадьевий', 'М', 1, 1),
(221, 'Клинникова Полина Александровна', 'Ж', 1, 1),
(222, 'Катырев Максим Андреевич', 'М', 1, 1),
(223, 'Кирюхин Владислав Андреевич', 'М', 1, 1),
(224, 'Коровин Алексей Юрьевич', 'М', 1, 1),
(225, 'Левин Давид Рапмзикович', 'М', 1, 1),
(226, 'Николаева Василиса Сергеевна', 'Ж', 1, 1),
(227, 'Мельник Наталья Владимировна', 'Ж', 1, 1),
(228, 'Новиков Максим Геннадьевич', 'М', 1, 1),
(229, 'Новикова Анна Николаевна', 'Ж', 1, 1),
(230, 'Подсвирова Анна Владимировна', 'Ж', 1, 1),
(231, 'Пугина Анастасия Борисовна', 'Ж', 1, 1),
(232, 'Ратникова Ольга Сергеевна', 'Ж', 1, 1),
(233, 'Семенов Николай Алексеевич', 'М', 1, 1),
(234, 'Сташинский Владислав Александрович', 'М', 1, 1),
(235, 'Ужва Константин Анатольевич', 'М', 1, 1),
(236, 'Френк Алина Андреевна', 'Ж', 1, 1),
(237, 'Фролов Александр Дмитриевич', 'М', 1, 1),
(238, 'Шумейко Дмитрий Петрович', 'М', 1, 1),
(239, 'Чудотворова Екатерина Николаевна', 'Ж', 1, 1),
(240, 'Январина Дарья Дмитриевна', 'Ж', 1, 1),
(241, 'Ремчуков Василий Юрьевич', 'М', 1, 1);


INSERT INTO [Orchestra] (Musician_ID, Instrument_ID)
VALUES (45, 1),
(46, 1),
(47, 1),
(48, 1),
(49, 1),
(50, 1),
(51, 1),
(52, 1),
(53, 2),
(54, 2),
(55, 2),
(56, 2),
(57, 2),
(58, 2),
(59, 3),
(60, 3),
(61, 3),
(62, 3),
(63, 4),
(64, 4),
(65, 5),
(66, 5),
(67, 5),
(68, 5),
(69, 6),
(70, 6),
(71, 6),
(72, 7),
(73, 7),
(74, 7),
(75, 8),
(76, 8),
(77, 9),
(78, 9),
(79, 9),
(80, 9),
(81, 10),
(82, 10),
(83, 11),
(84, 11),
(85, 12),
(86, 12),
(87, 13),
(88, 13),
(89, 14),
(90, 14),
(91, 15),
(92, 16),
(93, 16),
(94, 16),
(95, 17),
(96, 17),
(97, 18);

INSERT INTO [Types] (Type_ID, Type)
VALUES (1, 'Мюзикл-проект'),
(2, 'Репертуарный спектакль');

INSERT INTO [Genres] (Genre_ID, Name)
VALUES (1, 'мюзикл'),
(2, 'музыкальное представление'),
(3, 'оперетта'),
(4, 'музыкальная комедия'),
(5, 'опереттомюзикл');

INSERT INTO [Repertoire] (Performance_ID, Name, Type_ID, Genre_ID, Author, Duration)
VALUES (1, 'АННА КАРЕНИНА', 1, 1, 'Л.Н. Толстой', '02:30'),
(2, 'МОНТЕ-КРИСТО', 1, 1, 'Александр Дюма', '02:30'),
(3, 'ГРАФ ОРЛОВ', 1, 1, 'на реальных событиях', '03:30'),
(4, 'КОРОЛЬ АРТУР', 2, 1, 'легенда', '02:30'),
(5, 'РОМЕО VS ДЖУЛЬЕТТА XX лет спустя', 2, 1, 'У. Шекспир', '02:30'),
(6, 'ДОХОДНОЕ МЕСТО', 2, 1, 'А.Н. Островский', '02:30'),
(7, 'GRAND КАНКАН', 2, 2, NULL, '03:00'),
(8, 'БАЛ В "SAVOY"', 2, 3, 'Пал Абрахам', '02:50'),
(9, 'БАЯДЕРА', 2, 3, 'Имре Кальман', '03:00'),
(10, 'БРАК ПО-ИТАЛЬЯНСКИ', 2, 1, 'Эдуардо де Филиппо', '03:00'),
(11, 'ВЕСЁЛАЯ ВДОВА', 2, 3, 'Франц Легар', '03:00'),
(24, 'ДЖЕЙН ЭЙР', 2, 1, 'Шарлотта Бронте', '02:30'),
(12, 'ЗОЛУШКА', 2, 1, 'Шарль Перро', '02:10'),
(13, 'ЛЕТУЧАЯ МЫШЬ', 2, 3, 'Иоганн Штраус', '03:00'),
(14, 'ЛЮБОВЬ И ГОЛУБИ', 2, 4, 'Владимир Гуркин', '03:00'),
(15, 'МАУГЛИ', 2, 1, 'Редьярд Киплинг', '02:00'),
(16, 'МИСТЕР ИКС', 2, 3, 'Имре Кальман', '03:00'),
(17, 'МОЯ ПРЕКРАСНАЯ ЛЕДИ', 2, 1, 'Фредерик Лоу', '03:00'),
(18, 'СОБАКА НА СЕНЕ', 2, 1, 'Лопе де Вега', '02:30'),
(19, 'ФАНФАН-ТЮЛЬПАН', 2, 5, 'легенда', '03:00'),
(20, 'ФЕЯ КАРНАВАЛА', 2, 3, 'Имре Кальман', '02:15'),
(21, 'ФИАЛКА МОНМАРТРА', 2, 3, 'Имре Кальман', '03:15'),
(22, 'ЦЕЗАРЬ И КЛЕОПАТРА', 2, 1, 'легенда', '02:30'),
(23, 'ЦЫГАНСКИЙ БАРОН', 2, 3, 'Иоганн Штраус', '02:30');

INSERT INTO [Playbill] (ID, Performance_ID, Date, Time, Premiere)
VALUES (1, 11, '2020-10-01', '19:00', 'НЕТ'),
(2, 18, '2020-10-02', '19:00', 'НЕТ'),
(3, 16, '2020-10-03', '13:00', 'НЕТ'),
(4, 16, '2020-10-03', '19:00', 'НЕТ'),
(5, 9, '2020-10-04', '13:00', 'НЕТ'),
(6, 9, '2020-10-04', '19:00', 'НЕТ'),
(7, 14, '2020-10-06', '19:00', 'НЕТ'),
(8, 5, '2020-10-07', '19:00', 'ДА'),
(9, 2, '2020-10-09', '19:00', 'НЕТ'),
(10, 2, '2020-10-10', '14:00', 'НЕТ'),
(11, 2, '2020-10-10', '19:00', 'НЕТ'),
(12, 2, '2020-10-11', '14:00', 'НЕТ'),
(13, 2, '2020-10-11', '19:00', 'НЕТ'),
(14, 1, '2020-10-13', '19:00', 'НЕТ'),
(15, 1, '2020-10-14', '19:00', 'НЕТ'),
(16, 1, '2020-10-15', '19:00', 'НЕТ'),
(17, 1, '2020-10-16', '19:00', 'НЕТ'),
(18, 1, '2020-10-17', '14:00', 'НЕТ'),
(19, 1, '2020-10-17', '19:00', 'НЕТ'),
(20, 1, '2020-10-18', '14:00', 'НЕТ'),
(21, 1, '2020-10-18', '19:00', 'НЕТ'),
(22, 1, '2020-10-20', '19:00', 'НЕТ'),
(23, 1, '2020-10-21', '19:00', 'НЕТ'),
(24, 1, '2020-10-22', '19:00', 'НЕТ'),
(25, 1, '2020-10-23', '19:00', 'НЕТ'),
(26, 1, '2020-10-24', '14:00', 'НЕТ'),
(27, 1, '2020-10-24', '19:00', 'НЕТ'),
(28, 1, '2020-10-25', '14:00', 'НЕТ'),
(29, 1, '2020-10-25', '19:00', 'НЕТ'),
(30, 4, '2020-10-27', '19:00', 'ДА'),
(31, 13, '2020-10-28', '19:00', 'НЕТ'),
(32, 6, '2020-10-29', '19:00', 'НЕТ'),
(33, 10, '2020-10-30', '19:00', 'НЕТ'),
(34, 12, '2020-10-31', '12:00', 'НЕТ'),
(35, 7, '2020-10-31', '19:00', 'НЕТ'),
(36, 24, '2020-11-01', '13:00', 'НЕТ'),
(37, 24, '2020-11-01', '19:00', 'НЕТ'),
(38, 5, '2020-11-03', '19:00', 'НЕТ'),
(39, 16, '2020-11-04', '13:00', 'НЕТ'),
(40, 16, '2020-11-04', '19:00', 'НЕТ'),
(41, 2, '2020-11-06', '19:00', 'НЕТ'),
(42, 2, '2020-11-07', '14:00', 'НЕТ'),
(43, 2, '2020-11-07', '19:00', 'НЕТ'),
(44, 2, '2020-11-08', '14:00', 'НЕТ'),
(45, 2, '2020-11-08', '19:00', 'НЕТ'),
(46, 1, '2020-11-10', '19:00', 'НЕТ'),
(47, 1, '2020-11-11', '19:00', 'НЕТ'),
(48, 1, '2020-11-12', '19:00', 'НЕТ'),
(49, 1, '2020-11-13', '19:00', 'НЕТ'),
(50, 1, '2020-11-14', '14:00', 'НЕТ'),
(51, 1, '2020-11-14', '19:00', 'НЕТ'),
(52, 1, '2020-11-15', '14:00', 'НЕТ'),
(53, 1, '2020-11-15', '19:00', 'НЕТ'),
(54, 1, '2020-11-17', '19:00', 'НЕТ'),
(55, 1, '2020-11-18', '19:00', 'НЕТ'),
(56, 1, '2020-11-19', '19:00', 'НЕТ'),
(57, 1, '2020-11-20', '19:00', 'НЕТ'),
(58, 1, '2020-11-21', '14:00', 'НЕТ'),
(59, 1, '2020-11-21', '19:00', 'НЕТ'),
(60, 1, '2020-11-22', '14:00', 'НЕТ'),
(61, 1, '2020-11-22', '19:00', 'НЕТ'),
(62, 4, '2020-11-24', '19:00', 'ДА'),
(63, 23, '2020-11-25', '19:00', 'НЕТ'),
(64, 5, '2020-11-26', '19:00', 'НЕТ'),
(65, 17, '2020-11-27', '19:00', 'НЕТ'),
(66, 12, '2020-11-28', '12:00', 'НЕТ'),
(67, 7, '2020-11-28', '19:00', 'НЕТ'),
(68, 15, '2020-11-29', '12:00', 'НЕТ'),
(69, 13, '2020-11-29', '19:00', 'НЕТ');

INSERT INTO [List_of_characters] (Character_ID, Name, Performance_ID)
VALUES (0, 'Анна Каренина', 1),
(1, 'Алексей Вронский', 1),
(2, 'Алексей Каренин', 1),
(3, 'Кити Щербацкая', 1),
(4, 'Константин Левин', 1),
(5, 'Стива Облонский', 1),
(6, 'Княгиня Бетси', 1),
(7, 'Распорядитель', 1),
(8, 'Патти', 1),
(9, 'Графиня Вронская', 1),
(10, 'Князь Щербацкий', 1),
(11, 'Княгиня Щербацкая', 1),
(12, 'Серёжа', 1),
(13, 'Эдмон Дантес', 2),
(14, 'Мерседес', 2),
(15, 'Фернан', 2),
(16, 'Вильфор', 2),
(17, 'Бертуччо', 2),
(18, 'Бенедетто', 2),
(19, 'Альбер', 2),
(20, 'Валентина', 2),
(21, 'Эрмина', 2),
(22, 'Аббат Фариа', 2),
(23, 'Бошан', 2),
(24, 'Гайде', 2),
(25, 'Дух замка Иф / Альбер в детстве', 2),
(26, 'Валентина в детстве', 2),
(27, 'Граф Орлов', 3),
(28, 'Елизавета', 3),
(29, 'Екатерина II', 3),
(30, 'Князь Радзивилл', 3),
(31, 'Князь Голицын', 3),
(32, 'Доманский', 3),
(33, 'Иван', 3),
(34, 'Цыганка', 3),
(35, 'Король Артур', 4),
(36, 'Джиневра', 4),
(37, 'Ланцелот', 4),
(38, 'Мерлин', 4),
(39, 'Моргана', 4),
(40, 'Шут', 4),
(41, 'Элис', 4),
(42, 'Кей', 4),
(43, 'Мордред', 4),
(44, 'Персиваль', 4),
(45, 'Галхад', 4),
(46, 'Борс', 4),
(47, 'Бомейн', 4),
(48, 'Ромео', 5),
(49, 'Джульетта', 5),
(50, 'Человек в чёрном', 5),
(51, 'Виолетта', 5),
(52, 'Франческо', 5),
(53, 'Дож', 5),
(54, 'Фелиция', 5),
(55, 'Кармела', 5),
(56, 'Парис', 5),
(57, 'Джованни', 5),
(58, 'Секретарь дожа', 5),
(59, 'Адъютант Париса', 5),
(60, 'Лоренцо', 5),
(61, 'Аристарх Владимирыч Вышневский', 6),
(62, 'Анна Павловна Вышневская', 6),
(63, 'Аким Акимыч Юсов', 6),
(64, 'Василий Николаич Жадов', 6),
(65, 'Онисим Панфилыч Белогубов', 6),
(66, 'Досужев', 6),
(67, 'Фелисата Герасимовна Кукушкина', 6),
(68, 'Юлинька', 6),
(69, 'Полина', 6),
(70, 'Стеша', 6),
(71, 'Первый чиновник', 6),
(72, 'Голос Императора', 6),
(73, 'Мадлен Тибо', 8),
(74, 'Аристид Фобла', 8),
(75, 'Дези Дарлингтон', 8),
(76, 'Анри Помероль', 8),
(77, 'Мустафа', 8),
(78, 'Трэоли', 8),
(79, 'Диффенбах', 8),
(80, 'Агент ювелирной фирмы', 8),
(81, 'Мистер Бим', 8),
(82, 'Мисс Джули', 8),
(83, 'Дон Гусман', 8),
(84, 'Одетта Даримонд', 9),
(85, 'Раджами', 9),
(86, 'Мариэтта', 9),
(87, 'Лакшми', 9),
(88, 'Наполеон', 9),
(89, 'Пимпринетти', 9),
(90, 'Луи Филипп', 9),
(91, 'Шофер', 9),
(92, 'Ганна Главари', 11),
(93, 'Барон Зетта', 11),
(94, 'Валентина', 11),
(95, 'Граф Данило', 11),
(96, 'Никош', 11),
(97, 'Кромон', 11),
(98, 'Эльга', 11),
(99, 'Боган', 11),
(100, 'Милица', 11),
(101, 'Александр', 11),
(102, 'Камилл де Россильон', 11),
(103, 'Де Каскада', 11),
(104, 'Де Бриош', 11),
(105, 'Мажордом Жорж', 11),
(106, 'Розалинда', 13),
(107, 'Адель', 13),
(108, 'Генрих Айзенштейн', 13),
(109, 'Альфред', 13),
(110, 'Фальк', 13),
(111, 'Блинд', 13),
(112, 'Франк', 13),
(113, 'Рассыльная', 13),
(114, 'Орловский', 13),
(115, 'Лесничий', 13),
(116, 'Дежурный', 13),
(117, 'Помощник дежурного', 13);

INSERT INTO [Actors&Performers] (Character_ID, Soloist_ID)
VALUES (0, 208),
(0, 226),
(1, 10),
(1, 20),
(2, 210),
(2, 8),
(3, 214),
(3, 229),
(4, 233),
(4, 217),
(5, 15),
(5, 211),
(6, 1),
(6, 230),
(7, 16),
(7, 220),
(8, 227),
(8, 240),
(8, 14),
(9, 206),
(9, 232),
(10, 218),
(10, 234),
(11, 13),
(11, 5),
(12, 241),
(12, 223),
(12, 210),
(13, 15),
(13, 16),
(14, 229),
(14, 208),
(15, 212),
(15, 223),
(16, 7),
(16, 8),
(17, 18),
(17, 209),
(18, 233),
(18, 217),
(19, 237),
(19, 219),
(20, 236),
(20, 229),
(21, 214),
(21, 207),
(22, 2),
(22, 16),
(23, 11),
(23, 20),
(24, 230),
(24, 240),
(25, 218),
(25, 222),
(26, 236),
(26, 209),
(27, 3),
(27, 8),
(27, 16),
(28, 231),
(28, 214),
(29, 1),
(29, 13),
(30, 12),
(30, 11),
(31, 15),
(31, 16),
(32, 237),
(32, 225),
(33, 218),
(33, 234),
(34, 227),
(34, 14),
(35, 2),
(36, 216),
(36, 226),
(37, 18),
(37, 20),
(38, 3),
(39, 1),
(40, 15),
(41, 206),
(42, 228),
(42, 234),
(43, 217),
(43, 224),
(44, 218),
(45, 233),
(46, 18),
(47, 241),
(48, 15),
(48, 16),
(49, 14),
(49, 17),
(50, 21),
(50, 20),
(51, 232),
(51, 236),
(52, 215),
(52, 213),
(53, 7),
(53, 16),
(54, 208),
(54, 206),
(55, 14),
(55, 240),
(56, 8),
(56, 7),
(57, 209),
(57, 210),
(58, 211),
(58, 212),
(59, 213),
(59, 224),
(60, 241),
(60, 238),
(61, 2),
(61, 3),
(62, 1),
(62, 14),
(63, 12),
(63, 16),
(64, 18),
(64, 209),
(65, 213),
(65, 228),
(66, 233),
(66, 221),
(67, 226),
(68, 216),
(68, 230),
(69, 239),
(69, 207),
(70, 214),
(71, 217),
(72, 218),
(73, 13),
(74, 9),
(74, 10),
(75, 5),
(76, 16),
(77, 21),
(77, 209),
(78, 212),
(79, 18),
(80, 233),
(81, 215),
(82, 226),
(83, 217),
(84, 236),
(84, 231),
(85, 219),
(85, 21),
(86, 227),
(86, 232),
(87, 230),
(87, 227),
(88, 12),
(88, 15),
(89, 21),
(89, 20),
(90, 19),
(90, 213),
(91, 211),
(91, 218),
(92, 230),
(92, 13),
(93, 2),
(94, 231),
(95, 15),
(96, 225),
(97, 7),
(98, 226),
(99, 234),
(100, 206),
(101, 209),
(102, 220),
(103, 219),
(104, 235),
(105, 238),
(106, 1),
(106, 4),
(107, 5),
(107, 6),
(108, 2),
(108, 3),
(109, 7),
(109, 8),
(110, 9),
(110, 10),
(111, 11),
(111, 12),
(112, 15),
(112, 16),
(113, 14),
(113, 13),
(114, 217),
(114, 237),
(115, 228),
(116, 233),
(117, 234),
(117, 238);

INSERT INTO [Periods] (ID, Description) 
VALUES (1, 'понедельник - четверг'),
(2, 'пятница, воскресенье и предпраздничные дни'),
(3, 'суббота и праздничные дни'),
(4, 'понедельник - воскресенье');

INSERT INTO [Parts] (Part_ID, Name)
VALUES (1, 'Партер'),
(2, 'Амфитеатр'),
(3, 'Бельэтаж'),
(4, 'Балкон'),
(5, 'Ложа бенуара №1'),
(6, 'Ложа бенуара №2'),
(7, 'Ложа бенуара №3'),
(8, 'Ложа бенуара №4'),
(9, 'Ложа бенуара №5'),
(10, 'Ложа бенуара №6'),
(11, 'Ложа бенуара №7'),
(12, 'Ложа бенуара №8'),
(13, 'Ложа бельэтажа №1'),
(14, 'Ложа бельэтажа №2');

INSERT INTO [Category] (Category_ID, Name)
VALUES (1, 'утренние'),
(2, 'дневные'),
(3, 'вечерние');

INSERT INTO [Category_of_performance] (Category_ID, Performance_ID)
VALUES (1, 12),
(1, 15),
(2, 1),
(2, 2),
(2, 3),
(2, 4),
(2, 5),
(2, 6),
(2, 7),
(2, 8),
(2, 9),
(2, 10),
(2, 11),
(2, 13),
(2, 14),
(2, 16),
(2, 17),
(2, 18),
(2, 19),
(2, 20),
(2, 21),
(2, 22),
(2, 23),
(2, 24),
(3, 1),
(3, 2),
(3, 3),
(3, 4),
(3, 5),
(3, 6),
(3, 7),
(3, 8),
(3, 9),
(3, 10),
(3, 11),
(3, 13),
(3, 14),
(3, 16),
(3, 17),
(3, 18),
(3, 19),
(3, 20),
(3, 21),
(3, 22),
(3, 23),
(3, 24);

INSERT INTO [Ensemble&Ballet] (Performance_ID, Person)
VALUES (1, 22),
(1, 23),
(1, 24),
(1, 25),
(1, 26),
(1, 27),
(1, 28),
(1, 29),
(1, 30),
(1, 31),
(1, 32),
(1, 33),
(1, 34),
(1, 35),
(1, 36),
(1, 37),
(1, 38),
(1, 39),
(1, 40),
(1, 98),
(1, 99),
(1, 100),
(1, 101),
(1, 102),
(1, 103),
(1, 104),
(1, 105),
(1, 106),
(1, 107),
(1, 108),
(2, 44),
(2, 43),
(2, 42),
(2, 41),
(2, 40),
(2, 39),
(2, 38),
(2, 37),
(2, 36),
(2, 35),
(2, 34),
(2, 33),
(2, 32),
(2, 30),
(2, 205),
(2, 132),
(2, 131),
(2, 130),
(2, 129),
(2, 128),
(2, 127),
(2, 126),
(2, 125),
(2, 124),
(2, 123),
(2, 122),
(2, 121),
(2, 120),
(2, 119),
(2, 118),
(2, 117),
(3, 33),
(3, 34),
(3, 32),
(3, 35),
(3, 31),
(3, 36),
(3, 30),
(3, 37),
(3, 29),
(3, 38),
(3, 28),
(3, 39),
(3, 27),
(3, 40),
(3, 26),
(3, 41),
(3, 100),
(3, 101),
(3, 99),
(3, 102),
(3, 98),
(3, 103),
(3, 97),
(3, 104),
(3, 96),
(3, 105),
(3, 106),
(3, 94),
(3, 107),
(3, 95),
(3, 108),
(4, 22),
(4, 24),
(4, 26),
(4, 28),
(4, 30),
(4, 32),
(4, 34),
(4, 36),
(4, 38),
(4, 40),
(4, 42),
(4, 44),
(4, 98),
(4, 100),
(4, 102),
(4, 104),
(4, 106),
(4, 108),
(4, 110),
(4, 112),
(4, 114),
(4, 116),
(5, 23),
(5, 25),
(5, 27),
(5, 29),
(5, 31),
(5, 35),
(5, 37),
(5, 39),
(5, 41),
(5, 43),
(5, 45),
(5, 47),
(5, 49),
(5, 99),
(5, 101),
(5, 103),
(5, 105),
(5, 107),
(5, 109),
(5, 111),
(5, 113),
(5, 115),
(5, 117),
(5, 119),
(5, 121),
(5, 123),
(9, 205),
(9, 131),
(9, 129),
(9, 125),
(9, 126),
(9, 121),
(9, 99),
(9, 115),
(9, 114),
(9, 110),
(9, 108),
(9, 23),
(9, 25),
(9, 27),
(9, 29),
(9, 35),
(9, 34),
(9, 36),
(9, 38),
(9, 39),
(9, 41),
(9, 42),
(15, 22), 
(15, 25), 
(15, 28), 
(15, 31), 
(15, 34), 
(15, 37), 
(15, 40), 
(15, 41), 
(15, 42), 
(15, 43), 
(15, 44), 
(15, 98), 
(15, 101), 
(15, 104), 
(15, 107), 
(15, 110), 
(15, 113), 
(15, 117), 
(15, 120), 
(15, 123), 
(15, 126), 
(15, 129), 
(15, 132);

INSERT INTO [Zones] (Zone_ID, Name, Part_ID) 
VALUES (1, 'красный пояс', 1),
(2, 'фиолетовый пояс', 1),
(3, 'фиолетовый пояс', 2),
(4, 'фиолетовый пояс', 5),
(5, 'фиолетовый пояс', 6),
(6, 'фиолетовый пояс', 11),
(7, 'фиолетовый пояс', 12),
(8, 'фиолетовый пояс', 2),
(9, 'фиолетовый пояс', 3),
(10, 'фиолетовый пояс', 4),
(11, 'зеленый пояс', 1),
(12, 'зеленый пояс', 2),
(13, 'зеленый пояс', 5),
(14, 'зеленый пояс', 6),
(15, 'зеленый пояс', 11),
(16, 'зеленый пояс', 12),
(17, 'зеленый пояс', 13),
(18, 'зеленый пояс', 14),
(19, 'зеленый пояс', 3),
(20, 'зеленый пояс', 4),
(21, 'зеленый пояс', 7),
(22, 'зеленый пояс', 10),
(23, 'желтый пояс', 5),
(24, 'желтый пояс', 6),
(25, 'желтый пояс', 7),
(26, 'желтый пояс', 8),
(27, 'желтый пояс', 9),
(28, 'желтый пояс', 10),
(29, 'желтый пояс', 11),
(30, 'желтый пояс', 12),
(31, 'желтый пояс', 2),
(32, 'желтый пояс', 3),
(33, 'желтый пояс', 4),
(34, 'синий пояс', 13),
(35, 'синий пояс', 14),
(36, 'синий пояс', 2),
(37, 'синий пояс', 3),
(38, 'синий пояс', 4),
(39, 'голубой пояс', 2),
(40, 'голубой пояс', 13),
(41, 'голубой пояс', 14),
(42, 'голубой пояс', 3),
(43, 'голубой пояс', 4),
(44, 'места, выведенные из продажи', 3),
(45, 'места, выведенные из продажи', 4);

INSERT INTO [Prices] (ID, Category_ID, Type_ID, Period_ID, Zone_ID, Price)
VALUES (1, 1, 2, 4, 1, 1600),
(2, 1, 2, 4, 2, 1400),
(3, 1, 2, 4, 11, 1000),
(4, 1, 2, 4, 23, 700),
(5, 1, 2, 4, 34, 400),
(6, 1, 2, 4, 39, 200),
(7, 2, 2, 4, 1, 2200),
(8, 2, 2, 4, 2, 2000),
(9, 2, 2, 4, 11, 1600),
(10, 2, 2, 4, 23, 1100),
(11, 2, 2, 4, 34, 700),
(12, 2, 2, 4, 39, 200),
(13, 3, 2, 1, 1, 2000),
(14, 3, 2, 1, 2, 1700),
(15, 3, 2, 1, 11, 1400),
(16, 3, 2, 1, 23, 1000),
(17, 3, 2, 1, 34, 600),
(18, 3, 2, 1, 39, 200),
(19, 3, 2, 2, 1, 2200),
(20, 3, 2, 2, 2, 2000),
(21, 3, 2, 2, 11, 1600),
(22, 3, 2, 2, 23, 1100),
(23, 3, 2, 2, 34, 700),
(24, 3, 2, 2, 39, 200),
(25, 3, 2, 3, 1, 2600),
(26, 3, 2, 3, 2, 2300),
(27, 3, 2, 3, 11, 1800),
(28, 3, 2, 3, 23, 1300),
(29, 3, 2, 3, 34, 800),
(30, 3, 2, 3, 39, 200),
(31, 3, 1, 1, 1, 3800),
(32, 3, 1, 1, 2, 2700),
(33, 3, 1, 1, 11, 2100),
(34, 3, 1, 1, 23, 1500),
(35, 3, 1, 1, 34, 900),
(36, 3, 1, 1, 39, 400),
(37, 3, 1, 2, 1, 4100),
(38, 3, 1, 2, 2, 2700),
(39, 3, 1, 2, 11, 2300),
(40, 3, 1, 2, 23, 1700),
(41, 3, 1, 2, 34, 1000),
(42, 3, 1, 2, 39, 400),
(43, 3, 1, 3, 1, 4300),
(44, 3, 1, 3, 2, 2900),
(45, 3, 1, 3, 11, 2500),
(46, 3, 1, 3, 23, 1900),
(47, 3, 1, 3, 34, 1300),
(48, 3, 1, 3, 39, 600),
(49, 2, 1, 4, 1, 4100),
(50, 2, 1, 4, 2, 2900),
(51, 2, 1, 4, 11, 2300),
(52, 2, 1, 4, 23, 1700),
(53, 2, 1, 4, 34, 1000),
(54, 2, 1, 4, 39, 400);

INSERT INTO [Artistic_direction] (Performance_ID, Person)
VALUES (1, 183),
(1, 139),
(1, 142),
(1, 140),
(1, 152),
(1, 164),
(1, 173),
(1, 159),
(1, 199),
(1, 200),
(1, 154),
(1, 146),
(3, 145),
(5, 144),
(7, 146),
(9, 144),
(2, 139),
(2, 145),
(2, 151),
(2, 168),
(2, 172),
(2, 187),
(2, 196),
(2, 198),
(2, 156),
(2, 173),
(2, 186),
(2, 177),
(3, 139),
(3, 157),
(3, 174),
(3, 164),
(3, 193),
(3, 201),
(3, 203),
(3, 147),
(4, 139),
(4, 145),
(4, 154),
(4, 167),
(4, 140),
(4, 168),
(4, 171),
(4, 179),
(4, 197),
(4, 199),
(4, 173),
(4, 159),
(5, 139),
(5, 141),
(5, 152),
(5, 168),
(5, 177),
(5, 182),
(5, 194),
(5, 203),
(6, 139),
(6, 157),
(6, 165),
(6, 189),
(6, 162),
(6, 144),
(6, 186),
(6, 194),
(7, 139),
(7, 140),
(7, 141),
(7, 142),
(7, 156),
(7, 183),
(8, 145),
(8, 197),
(8, 185),
(8, 157),
(8, 164),
(8, 149),
(9, 140),
(9, 152),
(9, 167),
(9, 172),
(9, 185),
(9, 193),
(9, 202),
(10, 146),
(11, 146),
(12, 145),
(13, 145),
(14, 146),
(15, 144),
(16, 146),
(17, 145),
(18, 146),
(19, 144),
(20, 146),
(21, 145),
(22, 145),
(23, 146),
(24, 146);







